1456890359,331.4500,332.0000,328.4500,328.8000,811400
1456890419,333.0500,333.8500,331.6000,332.0000,569000
1456890479,330.9000,333.1500,330.3500,333.1500,283000
1456890539,329.7000,330.8500,329.7000,330.8500,239400
1456890599,329.5000,329.9500,328.9000,329.8000,181400
1456890659,329.2000,329.6000,329.1000,329.5000,115300
1456890719,329.6000,329.7500,329.0000,329.0000,107500
1456890779,329.0500,329.7500,329.0000,329.6000,119700
1456890839,328.7000,329.0000,328.4500,329.0000,64800
1456890899,328.1000,329.0000,328.1000,328.8000,133900
1456890959,326.9500,328.1500,326.6000,328.0500,139600
1456891018,325.7000,326.9000,325.5000,326.8000,109100
1456891079,327.4000,327.4500,325.8000,325.8000,178900
1456891139,327.0000,327.6000,326.5500,327.1500,128200
1456891199,326.2500,327.0000,326.2500,327.0000,123100
1456891259,325.2000,326.1500,325.1000,326.1500,126600
1456891319,325.0500,325.3000,324.8000,325.0000,71100
1456891379,325.0000,325.2000,324.6500,325.0000,67600
1456891439,324.2000,325.0000,323.9500,325.0000,139900
1456891499,324.9500,325.0000,324.2000,324.2000,144100
1456891559,323.8500,325.0000,323.8000,324.9500,103000
1456891619,323.4500,323.8500,323.2000,323.8500,148400
1456891679,323.7000,323.7000,323.4000,323.4000,94800
1456891739,323.9000,324.0000,323.6500,323.6500,87800
1456891799,324.4000,324.7500,323.9000,324.0000,83200
1456891859,324.2500,324.5500,324.1000,324.4000,56500
1456891919,323.8500,324.3000,323.6500,324.3000,27500
1456891979,323.3000,323.9000,323.3000,323.7000,41300
1456892039,323.3500,323.5000,323.3000,323.4000,25400
1456892099,322.8500,323.4000,322.7500,323.4000,51400
1456892159,322.5500,322.8000,321.9000,322.8000,101800
1456892219,322.0000,322.8500,321.9500,322.7500,47200
1456892279,321.8000,322.1000,321.5000,321.9500,84000
1456892339,321.7500,321.8500,321.6000,321.7500,46900
1456892399,322.4500,322.5000,321.7500,321.7500,76000
1456892459,322.8000,322.9000,322.3500,322.8000,42200
1456892519,322.8000,322.9500,322.6500,322.9000,52100
1456892579,322.9500,323.0000,322.8000,322.9000,38200
1456892639,323.3000,323.6000,322.8500,322.9000,64300
1456892699,323.6500,324.0000,323.2500,323.3000,81200
1456892759,323.1000,323.7000,323.0000,323.6500,56000
1456892819,323.4500,323.4500,323.1000,323.1500,33600
1456892879,323.3000,323.4500,323.2000,323.3500,23200
1456892939,322.2500,323.3500,322.2500,323.3000,56200
1456892999,322.0500,322.3500,321.8000,322.2000,39700
1456893059,322.2500,322.2500,321.8500,322.0500,40900
1456893119,322.6000,322.9500,322.2500,322.3000,48900
1456893179,322.5000,322.7500,322.4500,322.6500,26100
1456893239,322.1000,322.5000,322.0500,322.5000,41100
1456893299,322.1000,322.2500,322.0000,322.1500,40300
1456893300,322.4000,322.7500,321.9000,322.0000,43300
1456893419,322.3000,322.8000,322.2500,322.5000,20300
1456893479,322.3500,322.6000,322.0500,322.3000,39500
1456893539,322.0500,322.4000,322.0000,322.3500,41700
1456893599,322.0000,322.1000,321.9000,322.1000,46700
1456893659,322.3000,322.5000,321.9500,321.9500,26100
1456893719,322.5500,322.7000,322.3000,322.3000,31300
1456893779,322.6000,322.6500,322.5000,322.5500,28600
1456893839,322.4500,322.6000,322.4500,322.6000,23700
1456893899,322.6500,322.7000,322.4500,322.5000,18400
1456893959,322.6500,322.9000,322.6500,322.6500,25400
1456894019,323.3000,323.4500,322.7000,322.7000,51600
1456894079,323.0000,323.3500,322.9000,323.3000,54700
1456894139,322.8500,323.1500,322.6500,323.0000,33200
1456894199,322.7000,323.0000,322.7000,322.7500,24600
1456894259,322.7500,322.8500,322.6500,322.7500,17900
1456894319,323.0000,323.0500,322.7500,322.7500,64700
1456894379,322.9500,323.0500,322.8500,323.0000,25100
1456894439,322.8000,323.0000,322.5500,322.9500,28700
1456894499,322.7000,322.8500,322.5000,322.8000,20900
1456894558,322.5000,322.7000,322.5000,322.7000,15000
1456894619,322.4000,322.5000,322.3000,322.5000,21900
1456894679,322.4000,322.5000,322.2500,322.4000,29700
1456894739,322.3000,322.4500,322.3000,322.4000,31300
1456894799,322.3000,322.5000,322.2000,322.3500,44400
1456894859,322.8500,323.0000,322.2000,322.3000,52100
1456894919,322.5000,322.9500,322.5000,322.8500,34000
1456894979,322.5500,322.7000,322.2500,322.5000,40900
1456894980,322.6000,322.7500,322.5000,322.5500,21600
1456895099,322.5000,322.6500,322.5000,322.6000,11400
1456895159,322.3500,322.6000,322.3000,322.5000,19400
1456895219,322.2500,322.4000,322.2500,322.3500,13700
1456895279,322.3500,322.4000,322.2500,322.2500,16100
1456895339,322.4000,322.4500,322.3500,322.3500,6500
1456895399,322.4000,322.4500,322.3500,322.4000,13400
1456895459,322.4500,322.5000,322.4000,322.4500,12100
1456895460,322.4000,322.5000,322.4000,322.4500,20300
1456895579,322.3000,322.4500,322.3000,322.4500,18400
1456895639,321.3000,322.3500,321.2000,322.3500,92600
1456895699,321.1500,321.2500,320.8500,321.2000,91600
1456895759,321.2000,321.2500,320.7000,320.9500,93200
1456895819,321.0500,321.3500,320.8500,321.3500,94500
1456895879,321.3000,321.4500,321.0500,321.0500,23100
1456895939,321.7500,321.8000,321.2500,321.4000,121000
1456895999,322.0000,322.0000,321.4000,321.5000,56400
1456896059,322.0500,322.3000,322.0000,322.0000,31400
1456896060,321.4500,322.0500,321.4500,322.0500,36000
1456896179,321.5000,321.6000,321.3000,321.4500,20700
1456896238,321.4000,321.5500,321.2000,321.5500,34100
1456896240,321.7500,321.7500,321.4000,321.4000,13500
1456896359,321.5500,321.8000,321.5500,321.7500,21100
1456896419,321.7000,321.7500,321.6500,321.6500,7300
1456896479,321.7000,321.8500,321.7000,321.7500,28500
1456896539,321.5000,321.8000,321.5000,321.7000,31200
1456896599,321.3000,321.5000,321.2500,321.5000,24400
1456896659,321.1500,321.3500,321.1000,321.3000,16900
1456896719,321.1500,321.2000,321.0500,321.1500,23900
1456896779,321.1500,321.2000,321.1000,321.1000,24600
1456896780,320.9500,321.1500,320.8500,321.1000,64100
1456896899,320.9000,320.9000,320.7000,320.8000,27600
1456896900,321.0000,321.0000,320.8000,320.8000,21300
1456897019,320.9000,321.0000,320.8500,320.9500,20000
1456897079,320.4500,320.9000,320.2500,320.9000,78600
1456897139,320.4500,320.5000,320.3000,320.4000,39600
1456897199,320.4500,320.4500,320.3000,320.4500,51600
1456897259,320.3500,320.4500,320.3000,320.4000,40800
1456897319,320.4000,320.4000,320.1500,320.3500,60900
1456897379,320.3000,320.4000,320.2500,320.4000,18700
1456897439,320.4000,320.4500,320.1500,320.2500,29400
1456897499,320.8500,321.1500,320.4000,320.4000,43900
1456897559,321.4000,321.4000,320.7000,320.8000,21700
1456897619,321.4500,321.5500,321.3000,321.4000,39200
1456897679,321.2500,321.4000,321.0500,321.3000,26200
1456897739,321.1500,321.3500,321.0000,321.2000,25600
1456897799,320.6500,321.1500,320.5500,321.1500,30000
1456897859,319.6500,320.7000,319.5000,320.6500,145000
1456897919,319.9500,320.0000,319.3000,319.6500,43600
1456897979,319.8500,320.0500,319.8000,319.8500,43000
1456898039,320.0000,320.0000,319.7000,319.9000,14600
1456898099,320.0000,320.0000,319.9000,319.9000,15500
1456898159,320.0000,320.0500,319.9500,319.9500,14500
1456898219,320.0500,320.0500,319.9500,320.0500,41700
1456898220,319.7000,320.0500,319.6000,320.0000,17700
1456898339,319.4000,319.8000,319.3500,319.8000,38200
1456898399,319.6500,319.8000,319.4000,319.4000,26800
1456898400,319.7500,319.9000,319.6500,319.7500,10800
1456898461,319.8500,319.9500,319.7000,319.8000,8400
1456898579,319.6500,319.9000,319.6000,319.7500,17500
1456898639,319.3000,319.6500,319.1500,319.6500,33400
1456898699,319.0500,319.3500,319.0500,319.1500,33800
1456898759,319.0000,319.0500,318.6000,319.0500,64900
1456898760,319.3000,319.3000,318.8500,318.8500,36500
1456898821,319.6000,319.6000,319.2000,319.4000,14600
1456898939,319.9500,320.0000,319.7000,319.7000,60100
1456898999,319.7500,320.0000,319.5000,320.0000,33700
1456899000,319.7000,320.0000,319.6500,319.8500,31600
1456899119,319.8000,319.8500,319.7000,319.7500,7400
1456899179,320.0000,320.0000,319.7500,319.7500,29300
1456899239,319.9000,320.0000,319.7500,320.0000,13100
1456899240,319.5000,319.9000,319.4000,319.9000,21600
1456899304,319.2500,319.5500,319.0500,319.4500,11600
1456899416,319.4000,319.4000,319.1500,319.1500,14000
1456899478,319.5000,319.5000,319.3000,319.4500,19800
1456899539,320.2500,320.2500,319.6500,319.7000,86000
1456899598,320.0000,320.3000,319.9000,320.2000,31700
1456899657,320.1000,320.2000,320.0000,320.0000,40600
1456899719,320.7500,320.8000,320.0500,320.0500,42500
1456899777,320.3500,320.7500,320.3000,320.7500,15900
1456899839,320.7500,320.7500,320.4000,320.5500,35800
1456899899,320.8000,320.8500,320.6500,320.7000,17500
1456899952,321.3000,321.5000,320.7500,320.8000,108900
1456900017,324.0000,324.2500,321.5000,321.5000,271800
1456900079,323.3000,324.0000,323.3000,323.8000,141900
1456900137,323.5000,323.8000,323.1000,323.2000,76700
1456900144,322.7000,323.4000,322.7000,323.3000,55400
1456900258,322.6500,322.6500,322.2500,322.2500,43200
1456900318,322.7000,322.9000,322.6500,322.7000,63900
1456900378,322.3000,322.8500,322.3000,322.8500,39000
1456900380,321.9000,322.3500,321.8000,322.3000,46500
1456900489,321.9000,321.9000,321.6000,321.7500,40300
1456900557,321.8000,321.9000,321.7000,321.9000,18500
1456900617,321.9500,321.9500,321.8000,321.8500,27800
1456900621,322.1000,322.2000,322.0000,322.2000,24500
1456900737,322.0000,322.2500,322.0000,322.1000,12500
1456900740,321.3000,322.0500,321.3000,322.0000,49300
1456900826,321.1500,321.6000,321.1500,321.6000,14100
1456900864,321.0500,321.3000,321.0000,321.3000,29200
1456900979,321.0500,321.1500,321.0000,321.1500,35900
1456900989,320.9500,321.0000,320.9500,321.0000,20300
1456901041,320.7000,321.0000,320.7000,321.0000,28300
1456901143,320.8000,320.8000,320.7500,320.8000,4900
1456901218,320.4500,320.8500,320.4500,320.8000,14500
1456901275,320.2000,320.4000,320.1500,320.4000,22500
1456901337,320.3500,320.3500,320.1500,320.1500,27600
1456901399,319.9500,320.4000,319.9000,320.3500,53900
1456901455,320.0500,320.0500,319.9500,319.9500,17200
1456901465,320.0000,320.0500,319.9000,319.9000,18000
1456901578,319.9500,320.0000,319.9500,320.0000,10900
1456901584,320.2500,320.2500,319.9500,320.0000,25000
1456901699,320.6500,320.8000,320.5500,320.7000,17200
1456901755,320.0000,320.7000,320.0000,320.6500,9800
1456901806,320.2000,320.2000,320.0500,320.1000,8200
1456901876,319.8000,320.0500,319.8000,320.0500,24300
1456901938,319.9000,319.9000,319.7500,319.7500,9900
1456901957,319.9000,319.9500,319.8000,319.9500,14200
1456902055,319.8000,319.9000,319.7500,319.9000,8700
1456902104,319.4000,319.8500,319.2500,319.8500,24500
1456902179,319.2500,319.2500,319.0500,319.1000,69100
1456902181,319.1500,319.3000,319.1500,319.2500,17400
1456902248,319.0500,319.0500,318.8500,318.9000,25100
1456902359,319.3500,319.3500,319.1000,319.2000,26100
1456902419,318.9000,319.0000,318.9000,318.9500,46300
1456902478,318.9500,319.0000,318.9500,318.9500,31700
1456902539,319.0000,319.0000,318.9500,319.0000,16300
1456902589,318.9000,319.0000,318.9000,319.0000,19500
1456902653,318.8500,318.9000,318.8000,318.8500,12500
1456902664,318.6500,318.7500,318.5500,318.7500,36900
1456902767,318.9000,318.9000,318.6000,318.6500,15700
1456902833,319.4000,319.6000,318.9500,318.9500,40800
1456902896,319.7000,319.7000,319.5500,319.5500,13500
1456902905,320.0000,320.0000,319.7000,319.7000,32100
1456903013,319.8000,320.2000,319.8000,319.9500,87000
1456903079,319.4000,319.8500,319.3000,319.8000,23300
1456903083,319.4500,319.5000,319.2500,319.4500,18100
1456903146,320.0000,320.0000,319.2500,319.2500,9900
1456903205,319.6500,320.0000,319.6500,320.0000,12900
1456903264,319.9000,319.9000,319.7500,319.8000,5600
1456903323,319.6500,319.8500,319.6500,319.7000,12300
1456903394,319.5000,319.5500,319.5000,319.5500,6500
1456903493,319.5500,319.5500,319.5000,319.5000,3800
1456903559,319.6000,319.6500,319.5500,319.6000,12600
1456903618,319.8000,319.8000,319.5500,319.6000,7700
1456903625,319.7000,319.8000,319.7000,319.7000,11500
1456903686,319.8000,319.8000,319.5500,319.7000,10600
1456903799,319.9500,320.1500,319.8000,319.8000,18100
1456903800,319.8000,319.9500,319.8000,319.9500,11400
1456903866,319.7500,319.8000,319.6000,319.7500,6900
1456903922,319.7000,319.7500,319.6500,319.7500,9000
1456903982,319.6500,319.7000,319.6000,319.7000,5000
1456904099,319.8500,319.8500,319.6000,319.7000,25600
1456904157,319.9000,319.9000,319.6500,319.8500,13200
1456904217,320.0000,320.0000,319.8500,319.9000,21800
1456904277,320.0000,320.0000,319.9000,320.0000,22400
1456904280,320.1000,320.1000,319.9500,320.0000,26000
1456904343,320.1500,320.9000,320.0000,320.1000,73200
1456904459,320.2000,320.5000,320.2000,320.2000,12700
1456904462,320.1500,320.4000,320.0000,320.3000,19500
1456904523,320.0000,320.1500,319.9500,320.1500,10400
1456904580,320.0000,320.1000,319.9500,320.0000,18200
1456904648,319.9500,320.0000,319.9500,320.0000,7900
1456904706,320.0000,320.0500,320.0000,320.0000,18100
1456904762,320.1000,320.1500,319.9500,320.0000,18200
1456904878,320.1500,320.1500,320.0000,320.0000,9400
1456904883,320.2000,320.2000,320.0000,320.1500,11300
1456904998,319.9500,320.2000,319.9500,320.2000,13000
1456905001,319.1500,319.9000,319.1500,319.8500,24200
1456905061,319.2000,319.2500,319.1000,319.1000,14800
1456905126,319.1500,319.1500,319.1000,319.1000,11900
1456905239,319.1500,319.3000,319.1000,319.1500,48700
1456905296,319.2500,319.2500,319.1500,319.1500,25000
1456905359,319.3500,319.3500,319.2000,319.2500,26000
1456905419,320.0000,320.0000,319.3000,319.3000,22000
1456905421,319.9500,320.1000,319.7000,320.1000,23800
1456905481,320.2000,320.3000,319.9000,319.9500,19300
1456905599,320.2000,320.2500,319.9500,320.2000,15100
1456905600,319.5000,320.2500,319.5000,320.2500,25500
1456905665,319.5000,319.6500,319.5000,319.6500,91100
1456905778,319.7500,319.7500,319.6000,319.6500,8000
1456905781,319.7500,319.7500,319.6000,319.6000,9500
1456905897,319.9500,320.0000,319.7500,319.7500,10500
1456905958,320.0000,320.0000,319.7500,319.8500,17900
1456906018,320.2000,320.2000,319.9500,320.0000,134000
1456906021,320.0000,320.2000,320.0000,320.0000,16600
1456906087,320.0000,320.1500,319.8500,320.0000,68300
1456906143,319.9000,319.9000,319.8000,319.9000,26600
1456906203,320.0000,320.0000,319.7500,319.7500,9800
1456906263,320.0000,320.0000,319.9000,320.0000,89900
1456906326,319.8000,319.8000,319.6500,319.8000,8700
1456906384,319.8000,319.9500,319.7500,319.7500,13100
1456906498,319.5500,319.7000,319.4500,319.7000,21900
1456906534,319.6000,319.6000,319.5500,319.5500,4700
1456906612,319.5500,319.6500,319.5000,319.6000,11300
1456906671,319.5000,319.9500,319.5000,319.5000,113800
1456906732,319.8500,319.9500,319.7000,319.8000,14200
1456906749,319.7000,319.8500,319.6500,319.8500,16100
1456906859,319.8500,319.8500,319.6000,319.7000,5700
1456906865,320.0000,320.0000,319.9000,319.9000,13600
1456906923,320.0000,320.0000,319.9000,320.0000,7000
1456906981,319.7500,320.0000,319.7500,320.0000,9700
1456907097,319.7000,319.7500,319.6500,319.7500,7800
1456907102,319.6500,319.7000,319.6000,319.7000,9800
1456907219,319.6500,319.6500,319.5000,319.6000,13900
1456907225,319.5000,319.7000,319.5000,319.6500,160400
1456907299,319.7000,319.7000,319.6500,319.7000,6400
1456907353,319.7000,319.7000,319.5000,319.6500,17800
1456907405,319.7000,319.7500,319.6500,319.6500,6900
1456907519,319.8500,319.8500,319.7000,319.7000,10700
1456907579,319.8500,319.8500,319.7500,319.8500,8100
1456907581,319.9000,319.9000,319.7000,319.7000,7200
1456907699,320.0000,320.0000,319.9000,319.9000,14700
1456907707,319.9500,320.0000,319.8500,319.9500,18000
1456907819,319.9500,320.0000,319.9000,320.0000,8800
1456907821,319.9500,319.9500,319.9000,319.9000,8100
1456907887,319.9000,319.9500,319.9000,319.9500,9300
1456907945,319.9500,320.0000,319.9000,319.9000,5400
1456908005,319.9000,319.9500,319.9000,319.9500,15200
1456908061,320.0000,320.0000,319.9500,319.9500,14800
1456908133,319.9500,320.0000,319.9000,320.0000,7400
1456908186,320.0000,320.0000,319.9000,319.9500,7800
1456908246,319.9500,320.0000,319.9000,320.0000,6700
1456908353,319.9000,319.9500,319.7500,319.9000,8300
1456908360,319.8500,319.9500,319.8000,319.9000,17500
1456908426,319.9500,319.9500,319.8000,319.8000,9200
1456908534,319.9000,320.0000,319.9000,319.9500,10200
1456908552,320.0000,320.0000,319.9500,319.9500,10500
1456908605,320.0000,320.0000,319.9500,320.0000,28200
1456908664,319.8000,319.9000,319.6000,319.9000,16000
1456908729,319.7000,319.8000,319.6500,319.8000,17100
1456908839,319.6500,319.7000,319.6500,319.7000,14300
1456908899,320.0000,320.1500,319.6500,319.6500,60100
1456908957,320.0500,320.1000,320.0000,320.0000,10400
1456909019,320.1000,320.1500,320.0000,320.0500,12100
1456909071,320.9000,320.9500,320.0500,320.0500,64900
1456909137,320.6000,321.0000,320.2500,321.0000,78400
1456909199,320.7500,320.7500,320.5000,320.6500,20000
1456909259,320.4000,320.8000,320.3500,320.8000,19300
1456909262,320.2500,320.7500,320.2000,320.4500,24400
1456909328,320.4500,320.4500,320.3000,320.4000,5600
1456909437,320.7000,320.8000,320.4000,320.4500,30800
1456909499,319.9500,320.6500,319.9500,320.6500,30700
1456909506,320.0000,320.2500,319.9000,319.9000,20200
1456909562,319.9000,320.0000,319.8000,319.9500,10000
1456909623,319.7500,319.9500,319.7500,319.8500,8500
1456909684,319.7500,319.8000,319.7000,319.7500,10200
1456909751,319.8500,319.9000,319.8500,319.9000,8700
1456909859,319.7000,319.9000,319.7000,319.8500,16500
1456909916,319.6500,319.7000,319.5000,319.7000,24300
1456909979,319.6500,319.6500,319.5500,319.6000,25200
1456910033,319.5500,319.6500,319.5000,319.6000,14800
1456910046,319.3500,319.6000,319.3500,319.6000,26400
1456910109,319.2000,319.5500,319.2000,319.3000,10900
1456910216,319.0500,319.4000,319.0000,319.3000,50100
1456910279,319.0000,319.0000,318.9000,319.0000,22300
1456910283,319.3000,319.3000,319.0000,319.0500,21900
1456910397,319.4000,319.4500,319.3000,319.4500,29500
1456910454,319.8500,319.9000,319.3000,319.3000,13200
1456910465,319.8000,320.0000,319.8000,319.9500,10600
1456910578,319.6000,319.8000,319.5000,319.8000,14100
1456910584,319.5500,319.6500,319.5500,319.6500,8000
1456910699,319.6500,319.6500,319.5000,319.5500,18600
1456910700,319.7000,319.8000,319.6000,319.6000,20200
1456910765,319.8000,319.8000,319.7000,319.7500,6900
1456910823,319.8500,319.8500,319.7500,319.8000,12300
1456910931,319.6500,319.8000,319.6000,319.8000,22200
1456910965,319.7000,319.7500,319.6500,319.6500,14800
1456911058,319.6500,319.7500,319.6500,319.7500,72400
1456911117,319.5000,319.7000,319.5000,319.6500,52500
1456911179,319.5000,319.6000,319.4500,319.5000,233500
1456911236,319.5000,319.5500,319.5000,319.5000,48000
1456911299,319.5500,319.6000,319.5000,319.6000,36900
1456911300,319.6000,319.6000,319.5000,319.5000,37100
1456911365,319.6000,319.6500,319.5000,319.6000,41700
1456911479,319.6000,319.6500,319.5000,319.6500,20600
1456911537,319.6000,319.6500,319.5500,319.5500,25300
1456911541,319.6000,319.6500,319.5000,319.5500,61500
1456911605,319.9000,320.0000,319.8500,320.0000,49700
1456911719,319.8500,320.0000,319.6000,319.8000,65400
1456911779,319.4500,319.9500,319.1000,319.8000,74800
1456911782,319.5500,319.9000,319.4000,319.4500,56000
1456911897,319.6500,319.8000,319.5000,319.5000,38600
1456911956,319.5500,319.8000,319.2500,319.7500,54600
1456912019,319.0500,319.4500,319.0000,319.3500,80200
1456912079,319.5000,319.5000,318.6000,319.1500,93300
1456912081,319.6000,319.8000,319.4000,319.4500,47100
1456912198,319.8000,319.9500,319.4000,319.5500,57200
1456912203,319.8500,320.0000,319.7000,319.7000,36100
1456912319,319.9500,320.0000,319.6000,319.8500,73200
1456912320,319.6500,319.9000,319.4000,319.9000,46900
1456912438,319.5500,319.5500,319.2500,319.4000,37600
1456912440,319.7000,319.7000,319.5000,319.5500,28700
1456912559,319.4500,319.6000,319.3000,319.5500,46100
1456912619,319.5000,319.5000,319.3000,319.3000,39400
1456912678,319.5000,319.5000,319.3500,319.5000,49300
1456912739,319.8500,319.8500,319.2000,319.5500,52200
1456912741,320.0000,320.0000,320.0000,320.0000,13200
1456976759,322.1000,323.3500,322.0500,322.9500,148500
1456976819,321.3000,322.2500,321.2500,322.2500,38800
1456976820,321.3000,321.6000,321.3000,321.4500,42100
1456976939,320.7000,321.4500,320.6000,321.3000,20200
1456976999,321.3000,321.3500,320.6500,320.6500,28500
1456977059,321.7500,322.0000,321.2500,321.3500,20100
1456977060,321.9000,321.9000,321.6000,321.7500,17200
1456977179,321.8000,322.0000,321.7000,321.9000,27500
1456977180,321.7500,321.9000,321.6500,321.8000,23400
1456977299,323.0000,323.0000,321.1000,321.7500,87200
1456977359,324.0000,324.0000,322.8500,322.8500,83600
1456977419,324.4000,324.4500,323.7000,323.9000,46600
1456977479,324.7000,324.8000,324.0000,324.5000,60000
1456977539,324.8000,325.0000,324.5500,324.6500,75200
1456977599,324.4000,325.0000,324.4000,324.8000,32400
1456977600,324.3000,324.3500,323.8500,324.3500,22600
1456977719,324.5500,324.5500,324.2000,324.3000,23600
1456977720,324.8000,325.0000,324.4500,324.5500,39500
1456977839,324.2500,324.8000,324.2500,324.8000,24800
1456977899,324.2000,324.3500,324.1000,324.2500,12900
1456977900,323.8500,324.2000,323.5500,324.2000,22100
1456977961,323.3000,323.8500,323.3000,323.8500,21500
1456978079,322.8000,323.2000,322.6500,323.1000,37800
1456978139,323.5000,323.8500,322.6500,322.9000,33700
1456978141,323.7000,323.7000,322.9000,323.7000,25500
1456978259,324.5000,324.7500,323.7000,323.7000,32400
1456978261,324.1000,324.6000,324.0500,324.5000,23200
1456978379,324.0000,324.4000,323.9000,324.0500,17500
1456978380,323.6000,324.1000,323.5000,324.1000,22000
1456978440,323.3000,323.6000,323.2000,323.5000,16200
1456978559,323.3000,323.3500,323.0500,323.0500,18900
1456978560,323.0500,323.3000,322.6000,323.3000,27100
1456978679,323.1500,323.1500,322.9000,323.1000,7400
1456978680,322.8500,323.1500,322.5000,323.1000,14400
1456978799,322.7000,323.1000,322.6000,323.0000,12100
1456978800,322.9000,322.9000,322.5500,322.6000,10100
1456978919,322.9500,323.0000,322.8500,322.8500,9700
1456978979,324.3000,324.3000,322.9500,323.0000,44300
1456978981,324.2500,324.5000,323.6500,324.3500,18100
1456979099,324.0500,324.3000,323.7500,324.3000,22200
1456979100,324.1000,324.2000,323.6000,324.0500,19200
1456979160,324.0000,324.2000,323.8500,324.1000,12800
1456979221,323.8500,324.1000,323.5000,324.0000,11400
1456979281,323.6000,323.9000,323.4000,323.9000,6100
1456979341,323.3000,323.7000,323.1000,323.7000,16700
1456979401,323.2000,323.3000,323.1000,323.3000,13500
1456979519,323.2000,323.3000,323.0500,323.3000,20200
1456979521,323.0000,323.1500,322.9500,323.1500,21600
1456979639,322.5000,323.0000,322.5000,323.0000,17600
1456979699,322.4500,322.5000,322.3500,322.5000,24900
1456979759,322.3500,322.5000,322.3500,322.4500,39000
1456979760,322.4000,322.6000,322.3500,322.4000,26500
1456979821,321.7500,322.4500,321.4500,322.4500,54000
1456979881,322.0000,322.0000,321.7000,321.8500,26700
1456979940,321.7500,322.0000,321.7500,321.9500,20700
1456980059,321.5000,321.9000,321.5000,321.7500,29600
1456980119,320.9000,321.5000,320.9000,321.5000,50400
1456980120,321.5000,321.5500,320.6000,320.9000,44500
1456980180,321.4000,321.7000,321.3000,321.5000,17400
1456980240,321.4000,321.6000,321.3500,321.5500,14600
1456980301,321.2000,321.5000,321.2000,321.4000,10400
1456980419,321.0000,321.2500,320.9000,321.2500,30300
1456980420,321.3000,321.4000,320.7000,320.9000,13500
1456980480,321.5000,321.5500,321.3000,321.3000,12600
1456980599,321.7500,321.9000,321.3500,321.5000,9700
1456980600,321.7500,321.9500,321.7000,321.7000,9700
1456980661,321.8500,321.8500,321.6000,321.7500,6200
1456980722,321.9000,321.9000,321.6000,321.7000,8100
1456980785,321.7500,321.9500,321.6000,321.9000,11600
1456980841,321.7000,321.8000,321.5500,321.7500,4900
1456980901,321.7000,321.8000,321.5500,321.7000,3900
1456980960,321.7000,321.8500,321.6500,321.8000,6000
1456981021,321.6000,321.8500,321.6000,321.7000,10300
1456981081,321.1000,321.6000,321.1000,321.6000,13300
1456981140,320.7500,321.2500,320.7500,321.1000,19800
1456981200,320.9000,320.9000,320.5000,320.7500,43600
1456981319,321.1000,321.3000,320.7000,320.9000,9100
1456981320,321.0000,321.1000,320.8500,321.0500,15700
1456981380,320.6500,321.0000,320.5000,320.9000,16600
1456981499,320.5500,320.9000,320.5000,320.6500,14200
1456981500,320.5500,320.7000,320.5000,320.5500,16900
1456981619,320.1500,320.6500,320.1000,320.6500,18700
1456981620,319.7500,320.3000,319.7000,320.1500,51300
1456981739,319.6500,319.8500,319.5500,319.7000,34300
1456981799,319.7000,319.9000,319.6500,319.6500,14800
1456981800,319.9500,320.0000,319.6500,319.6500,11900
1456981864,319.9000,320.0000,319.9000,319.9500,7200
1456981920,319.9500,320.0000,319.9000,319.9000,7200
1456981981,320.5000,321.0000,319.9500,319.9500,21900
1456982041,320.3500,320.5000,320.3500,320.4500,9100
1456982101,320.2500,320.3500,320.0000,320.3500,7200
1456982161,320.3000,320.3000,320.1500,320.3000,6900
1456982220,320.3500,320.4500,320.3000,320.3500,4000
1456982281,320.3000,320.5000,320.3000,320.3500,5200
1456982340,320.4000,320.5000,320.2500,320.4000,5500
1456982400,320.9000,320.9500,320.5000,320.5000,5000
1456982519,320.8500,320.9000,320.7500,320.9000,4600
1456982520,320.8500,321.0500,320.8000,320.9000,8100
1456982581,321.0000,321.0000,320.8500,320.9000,9000
1456982640,320.8500,321.4000,320.8000,321.0000,13800
1456982701,320.7000,321.0000,320.7000,320.9000,6200
1456982761,321.0000,321.0000,320.5000,320.7000,16900
1456982821,321.0000,321.0000,320.8500,321.0000,9700
1456982881,320.7000,321.0000,320.5000,321.0000,10600
1456982942,320.4000,320.7000,320.4000,320.7000,6500
1456983059,320.0000,320.5000,320.0000,320.5000,16500
1456983060,319.7500,320.0000,319.7500,320.0000,9800
1456983121,319.9500,320.0000,319.8000,320.0000,9400
1456983180,319.7500,320.0000,319.5500,319.9500,16400
1456983240,319.9500,320.0000,319.7500,319.7500,7500
1456983359,319.9000,320.0000,319.8000,319.9500,12400
1456983419,319.9000,319.9500,319.7000,319.9000,12700
1456983420,319.8000,319.9000,319.6500,319.9000,5600
1456983480,320.0000,320.0000,319.7500,319.8000,9700
1456983541,320.0000,320.0000,319.9500,320.0000,17200
1456983600,319.6500,320.0000,319.6500,320.0000,16400
1456983660,319.9500,319.9500,319.6000,319.6500,8000
1456983721,319.9000,320.0000,319.9000,319.9500,13900
1456983839,320.0000,320.0000,319.8500,319.9000,8100
1456983840,319.8000,320.0000,319.8000,320.0000,8100
1456983900,320.0000,320.0000,319.7500,319.8000,4700
1456983960,319.9500,320.0000,319.9500,320.0000,19000
1456984020,319.9500,320.0000,319.9000,320.0000,5800
1456984080,320.0000,320.0000,319.8500,319.9500,6900
1456984198,320.1500,320.1500,320.0000,320.0000,6900
1456984200,320.0000,320.2000,320.0000,320.1500,10200
1456984319,319.8000,320.0500,319.7500,319.9500,11100
1456984379,319.8500,319.9000,319.7500,319.9000,5600
1456984439,319.8500,319.9000,319.7000,319.9000,10600
1456984440,319.9000,319.9500,319.7500,319.8500,12500
1456984500,319.9500,320.0000,319.8500,319.9000,10400
1456984619,320.1000,320.1500,319.9500,319.9500,13700
1456984679,320.1000,320.1500,320.0500,320.1500,11200
1456984681,320.1500,320.2500,320.1000,320.2000,6000
1456984741,320.2000,320.2000,320.0500,320.1500,4700
1456984801,320.3500,320.4000,320.1000,320.2000,16200
1456984919,320.4000,320.5000,320.2000,320.4000,20600
1456984979,320.9000,320.9500,320.4000,320.5500,27400
1456984981,320.7500,321.0000,320.7500,320.9500,41400
1456985040,320.2500,320.8000,320.2000,320.7500,33500
1456985159,319.9500,320.3500,319.9000,320.3500,36500
1456985219,319.8000,320.0000,319.7500,319.9500,11200
1456985220,320.0000,320.0000,319.6500,319.7500,29500
1456985280,319.8000,320.0000,319.6000,319.9500,10800
1456985340,319.3500,319.7000,319.0500,319.7000,126000
1456985402,319.1000,319.4000,318.9000,319.3000,39300
1456985461,319.3000,319.4000,319.0000,319.2000,12900
1456985520,319.3000,319.4500,319.1000,319.3500,32200
1456985639,319.2500,319.7500,319.2500,319.3000,12600
1456985640,319.5000,319.5000,319.2500,319.4000,7300
1456985701,319.5500,319.6000,319.4000,319.4500,5700
1456985760,319.5000,319.7500,319.4000,319.5500,11000
1456985821,319.4500,319.6500,319.4000,319.5500,6300
1456985880,319.5000,319.7000,319.4500,319.5500,11600
1456985999,319.8000,319.9000,319.5500,319.5500,12000
1456986000,319.9000,319.9000,319.8000,319.9000,6000
1456986061,319.3500,319.9500,319.3500,319.8000,10200
1456986121,319.6500,319.7000,319.5000,319.5500,7200
1456986239,319.6000,319.6500,319.4500,319.6500,8700
1456986240,319.4000,319.6000,319.3500,319.4500,6000
1456986300,319.6500,319.6500,319.4000,319.4500,5200
1456986360,319.7000,319.7000,319.5000,319.6500,8300
1456986420,319.7000,319.8500,319.5000,319.7000,5700
1456986480,319.9500,319.9500,319.6500,319.7000,4600
1456986541,320.3000,320.3500,320.0000,320.0000,14200
1456986659,320.3000,320.3500,319.9500,320.3000,13300
1456986719,320.0500,320.3000,320.0500,320.2500,5700
1456986721,319.9000,320.1500,319.9000,320.1500,6000
1456986839,320.0500,320.1500,319.9000,319.9500,9500
1456986899,320.3000,320.3000,320.0500,320.1000,5400
1456986900,320.1000,320.3000,320.0500,320.3000,13600
1456986961,320.1500,320.2500,320.0500,320.1000,10000
1456987021,320.1500,320.3000,320.1000,320.2500,33700
1456987080,320.0500,320.3000,320.0000,320.3000,25200
1456987140,320.1500,320.3000,320.0000,320.0500,12700
1456987200,320.1500,320.3500,320.1500,320.3000,10300
1456987260,320.3500,320.3500,320.1500,320.3000,5300
1456987321,320.1500,320.3500,320.1500,320.3500,17200
1456987380,320.2500,320.3000,319.8000,320.1500,9400
1456987441,320.2000,320.2500,320.1000,320.2500,3800
1456987500,319.9500,320.2500,319.7000,320.2500,6600
1456987561,319.8000,320.0000,319.8000,320.0000,5600
1456987620,319.9000,320.0000,319.7500,319.8000,3700
1456987681,319.9500,320.0000,319.6500,319.9000,11800
1456987799,319.9000,320.0000,319.7500,319.9500,5900
1456987800,319.8000,320.1500,319.8000,320.1000,3700
1456987860,320.0500,320.2500,319.8000,319.9000,13600
1456987979,320.2500,320.4000,320.0500,320.3000,12400
1456987980,320.3000,320.4000,320.1000,320.2000,12100
1456988099,320.5500,320.6000,320.3000,320.4500,15900
1456988100,320.4000,320.6000,320.2500,320.5500,11100
1456988161,320.5000,320.6000,320.3500,320.4000,10000
1456988223,320.2500,320.5000,320.2500,320.5000,12800
1456988283,320.3500,320.4500,320.3500,320.4500,6700
1456988399,320.0500,320.5500,319.9000,320.4500,26700
1456988458,319.9000,320.1000,319.8000,319.9000,29300
1456988519,319.9500,320.0000,319.8500,319.9000,10700
1456988520,319.8000,320.0000,319.8000,319.9500,9700
1456988580,319.9000,320.0000,319.7500,319.7500,21500
1456988699,320.1000,320.2000,319.9000,320.0000,8800
1456988700,320.0000,320.1000,319.9000,320.1000,8000
1456988819,319.9000,320.0000,319.8000,320.0000,7000
1456988820,319.9000,320.0000,319.9000,319.9500,7900
1456988881,319.9500,320.0000,319.9000,319.9000,6700
1456988940,320.0000,320.0000,319.7500,319.9500,9500
1456989001,320.2000,320.2000,319.6500,320.0000,15600
1456989060,320.0500,320.2500,320.0000,320.2000,12000
1456989179,319.9000,320.2000,319.9000,320.0500,8200
1456989180,320.1500,320.2000,319.9000,320.0000,11900
1456989241,319.9000,320.2000,319.9000,320.1500,9400
1456989359,320.1500,320.1500,319.8500,320.0000,16300
1456989418,319.9000,320.2000,319.9000,320.1500,12200
1456989420,320.0000,320.1000,319.6000,319.8500,15000
1456989539,320.0500,320.3500,319.9000,319.9500,10700
1456989540,320.3500,320.4000,320.0500,320.0500,12700
1456989658,320.4500,320.4500,320.2000,320.3500,10300
1456989660,320.3000,320.4500,319.8500,320.2500,9900
1456989721,320.3000,320.4500,320.0000,320.3000,9500
1456989780,320.3000,320.5000,320.2000,320.3000,10200
1456989840,320.2500,320.5500,320.1500,320.4500,12400
1456989959,320.1000,320.6000,319.8500,320.5000,36900
1456989960,320.1000,320.1000,319.9000,320.0500,8200
1456990020,320.1000,320.1000,320.0000,320.1000,8200
1456990080,320.1000,320.1000,320.0000,320.1000,7900
1456990141,320.1000,320.1000,320.0000,320.1000,8100
1456990259,320.0500,320.1000,320.0000,320.1000,11400
1456990260,320.0000,320.2000,319.9500,320.0500,9400
1456990321,320.0500,320.3000,319.9500,320.1000,10900
1456990381,320.1500,320.3500,320.0000,320.1500,10600
1456990441,320.1000,320.3500,320.1000,320.2000,14100
1456990559,320.1500,320.2500,320.0500,320.2500,8200
1456990618,320.0500,320.1500,320.0500,320.1000,10500
1456990620,320.1000,320.2000,320.0500,320.0500,8400
1456990681,320.2000,320.3000,320.1000,320.2000,8600
1456990741,320.1500,320.2500,320.1500,320.2500,9000
1456990859,320.0500,320.2000,320.0500,320.2000,13700
1456990860,320.0000,320.0500,319.9500,320.0500,14400
1456990921,319.8500,320.1000,319.8500,319.9500,11800
1456991039,319.8500,320.0000,319.7000,319.8500,11900
1456991040,319.9500,320.0000,319.8500,319.8500,7000
1456991100,319.9500,320.0000,319.9000,320.0000,13400
1456991160,319.9500,320.0000,319.9000,319.9000,8000
1456991221,319.9000,320.0000,319.8500,319.9500,10400
1456991339,320.0000,320.0500,319.9000,320.0000,10000
1456991340,319.9500,320.0000,319.9000,320.0000,8800
1456991459,319.9000,320.0000,319.9000,319.9500,8100
1456991519,320.0000,320.0000,319.8000,319.9000,8400
1456991521,319.9500,320.1000,319.9000,320.0000,11200
1456991580,319.9500,320.1000,319.9000,319.9500,13000
1456991640,320.0500,320.1000,319.9500,319.9500,7200
1456991759,320.2500,320.2500,320.1000,320.1000,14500
1456991819,320.3000,320.4000,320.2000,320.2500,17900
1456991879,320.0000,320.3500,319.9000,320.3500,27200
1456991881,320.0000,320.0000,319.9000,320.0000,6600
1456991940,320.0000,320.0000,319.9000,319.9000,10100
1456992059,319.9500,320.0000,319.9000,320.0000,6500
1456992119,319.9500,320.0500,319.9000,320.0500,6200
1456992179,319.9000,320.0000,319.8500,319.9500,3600
1456992182,319.9000,319.9500,319.8000,319.9000,4700
1456992299,320.0000,320.0000,319.8000,319.9000,6000
1456992300,319.9000,320.1000,319.7000,320.0000,25000
1456992415,319.5500,319.9000,319.5000,319.9000,4400
1456992478,319.9500,320.0000,319.6000,319.7000,5400
1456992537,319.8500,320.0000,319.7500,319.7500,19500
1456992540,319.7500,320.0000,319.7000,319.9000,4500
1456992657,320.0000,320.0000,319.7500,319.9500,3500
1456992718,320.0000,320.1000,319.8500,320.0000,34400
1456992720,320.0000,320.0000,319.8000,320.0000,2200
1456992839,319.9000,320.0000,319.7500,320.0000,3200
1456992841,319.8000,320.0000,319.7000,319.8500,7900
1456992918,320.2000,320.2000,319.6000,319.7500,14900
1456993018,320.0500,320.2000,320.0000,320.2000,6400
1456993079,320.2000,320.4000,319.9500,320.0500,24500
1456993080,320.2000,320.5000,320.2000,320.2000,47300
1456993198,320.0000,320.2500,320.0000,320.2500,10100
1456993259,320.0500,320.0500,320.0000,320.0000,14300
1456993318,319.8000,320.1000,319.7500,320.0000,8600
1456993379,320.0500,320.0500,319.7000,319.8000,11200
1456993431,319.9000,320.0500,319.8500,320.0500,14600
1456993498,319.7500,320.0000,319.7000,319.8000,9500
1456993558,319.9000,320.1000,319.7000,319.8000,36700
1456993619,319.8000,320.1000,319.7000,319.9000,27300
1456993621,319.7000,319.9000,319.7000,319.9000,5900
1456993738,319.7500,319.8000,319.7000,319.7000,6100
1456993797,319.7000,319.8000,319.6000,319.7000,5000
1456993801,319.8000,319.8500,319.6500,319.7000,4100
1456993861,319.8000,319.9000,319.7500,319.8000,6000
1456993979,319.7500,319.8500,319.7000,319.8500,8300
1456993981,319.7000,319.8000,319.7000,319.7500,16100
1456994098,319.7500,319.8000,319.6500,319.7500,9400
1456994155,319.5500,319.7500,319.5000,319.7500,4300
1456994218,319.6000,319.7000,319.5000,319.5000,5000
1456994222,319.5500,319.6500,319.5000,319.6000,11100
1456994338,319.5000,319.7500,319.5000,319.6000,9000
1456994399,319.7500,319.8000,319.3500,319.5000,13200
1456994459,319.7000,319.7500,319.4500,319.7500,13700
1456994519,319.8000,319.8000,319.6000,319.6000,8400
1456994578,319.7000,319.8000,319.7000,319.8000,5400
1456994581,319.8000,319.8000,319.7000,319.8000,13800
1456994648,319.8000,319.8000,319.7000,319.7500,10500
1456994757,319.7000,319.8000,319.7000,319.8000,6800
1456994761,319.7500,319.8000,319.6000,319.7500,10300
1456994878,319.8000,319.8000,319.7000,319.7500,3300
1456994881,319.6500,319.9000,319.6500,319.8000,20300
1456994991,319.8000,319.8500,319.7000,319.7000,7400
1456995001,319.7500,319.9500,319.7500,319.7500,14600
1456995118,319.9000,319.9000,319.7000,319.9000,5000
1456995178,319.7500,319.9000,319.7500,319.8000,15300
1456995239,319.8000,319.9000,319.7000,319.8000,13000
1456995240,319.8000,319.9000,319.7500,319.9000,4800
1456995359,319.7500,319.8500,319.7000,319.8000,11700
1456995360,319.7500,319.8500,319.7000,319.7500,9400
1456995479,319.8000,319.8000,319.7000,319.8000,6500
1456995538,319.7500,319.8000,319.7000,319.8000,8300
1456995598,319.6500,319.9000,319.6500,319.7500,27000
1456995601,319.7000,319.7500,319.6500,319.7000,9800
1456995719,319.6000,319.7500,319.5000,319.7500,10300
1456995775,319.5000,319.6500,319.4500,319.6500,16100
1456995781,319.4500,319.7000,319.4500,319.5500,25800
1456995895,319.5500,319.5500,319.4500,319.4500,6000
1456995956,319.5500,319.6000,319.5000,319.5000,13000
1456996017,319.5000,319.5500,319.5000,319.5500,8200
1456996079,319.5000,319.5500,319.5000,319.5000,5900
1456996081,319.6000,319.6000,319.4000,319.5500,18400
1456996142,319.4000,319.5000,319.4000,319.5000,11500
1456996259,319.4000,319.5000,319.3500,319.5000,10700
1456996263,319.4000,319.5000,319.3000,319.4500,12800
1456996378,319.2500,319.5000,319.2000,319.4000,29100
1456996439,319.0500,319.3000,319.0500,319.2000,21900
1456996497,317.5500,318.9000,317.5500,318.9000,66300
1456996557,317.9500,318.0000,317.0000,317.1000,55400
1456996561,318.1000,318.1000,317.7500,317.8500,16000
1456996620,318.2000,318.4000,318.0000,318.3000,15700
1456996730,318.5500,318.5500,318.2000,318.2000,15300
1456996796,318.4000,318.9500,318.4000,318.7000,23700
1456996859,318.8500,318.8500,318.5000,318.7000,13000
1456996919,318.6500,318.8000,318.5500,318.7500,16200
1456996978,318.7000,318.7500,318.5000,318.6500,11500
1456997033,318.8000,318.8500,318.6500,318.7000,12200
1456997099,318.8000,318.9000,318.6500,318.7000,16600
1456997156,318.5500,318.8000,318.5000,318.8000,14800
1456997164,318.1000,318.5500,318.0500,318.5500,24300
1456997228,317.9000,318.2000,317.8000,318.1500,17700
1456997337,317.6500,318.0000,317.6000,317.9000,31300
1456997398,317.8000,317.9000,317.5000,317.5000,14600
1456997452,317.8500,318.0000,317.8000,317.8000,16400
1456997517,317.8000,317.8500,317.7000,317.8000,16200
1456997579,317.5000,317.8500,317.5000,317.7500,26900
1456997639,317.6000,317.7000,317.2500,317.6500,24600
1456997642,317.7500,317.8000,317.5500,317.6000,19300
1456997700,317.6500,317.9000,317.6500,317.7500,20900
1456997818,317.5500,317.9000,317.5500,317.7000,18000
1456997877,317.4500,317.6000,317.2000,317.5000,24600
1456997938,317.3000,317.5000,317.2000,317.4500,28000
1456997999,317.0000,317.3000,317.0000,317.3000,64800
1456998059,317.2000,317.2000,316.8000,316.8000,35400
1456998119,317.4000,317.5000,317.0000,317.1500,29300
1456998177,317.5000,318.0500,317.4500,317.4500,37900
1456998234,317.6000,317.6000,317.3500,317.4000,26800
1456998299,317.7500,318.1000,317.7000,317.8000,51400
1456998359,317.5500,317.9000,317.5000,317.8500,52600
1456998362,317.9000,318.0000,317.5500,317.6500,36500
1456998479,318.1000,318.1500,317.8500,318.1000,34500
1456998539,319.0500,319.0500,318.2500,318.2500,55800
1456998599,319.5500,319.8500,319.0000,319.0000,38200
1456998600,318.9000,319.6500,318.8500,319.6000,50200
1456998719,318.9000,319.0000,318.7500,319.0000,29400
1456998779,318.8500,319.0000,318.6000,319.0000,43100
1456998836,318.8000,319.0000,318.7500,318.8500,27700
1456998844,318.8500,319.0000,318.8000,318.9500,24700
1456998956,318.4000,318.9500,318.4000,318.8500,39700
1456998963,318.6000,318.6000,317.7500,318.1500,27400
1456999073,318.7500,318.9500,318.7500,318.8000,12600
1456999081,319.0000,319.0000,318.8000,318.9000,30900
1456999195,318.8500,319.0000,318.8500,318.8500,46400
1456999200,318.8500,318.8500,318.8500,318.8500,400
1457063104,319.4500,319.4500,319.4500,319.4500,23600
1457063219,318.7000,318.8000,318.5000,318.5000,142500
1457063279,319.1000,319.2000,318.7500,318.7500,31200
1457063339,319.3500,319.4000,319.0000,319.2000,27100
1457063398,319.8500,319.8500,319.3000,319.3500,24900
1457063459,319.3000,319.9500,318.8500,319.8000,33500
1457063519,319.3000,319.3000,319.1000,319.1000,21500
1457063579,319.9000,319.9000,319.3000,319.3000,19200
1457063580,319.8500,320.2000,319.8000,319.8000,54200
1457063699,321.0000,321.0500,319.8500,319.8500,41900
1457063759,321.7000,321.7000,320.9500,321.0000,47500
1457063760,321.2500,321.7500,320.4500,321.5500,70400
1457063879,320.5000,321.4500,320.5000,321.4500,21900
1457063939,320.9500,321.1500,320.4500,320.6000,29100
1457063999,320.6000,321.0000,320.6000,320.9500,22900
1457064059,321.1500,321.2500,320.6000,320.7500,19800
1457064119,321.4000,321.4500,321.0000,321.1500,22500
1457064179,321.3000,321.5000,321.1000,321.4500,22300
1457064180,321.0000,321.3000,320.9000,321.3000,27300
1457064299,320.3000,320.9000,319.7500,320.8500,60400
1457064359,319.7000,320.5500,319.7000,320.5500,27700
1457064360,319.6000,320.0500,319.4000,319.7000,29800
1457064420,319.5500,319.7000,319.0000,319.7000,70900
1457064480,319.8000,319.9500,319.1000,319.6500,51200
1457064543,319.6000,319.8500,319.4500,319.8000,19700
1457064601,319.8500,319.8500,319.6000,319.7000,23400
1457064661,319.7500,320.2000,319.6000,319.8500,20400
1457064779,320.4500,320.4500,319.7500,319.7500,11100
1457064839,320.5500,320.5500,320.4500,320.4500,19400
1457064840,320.6500,321.0000,320.5500,320.5500,25900
1457064900,320.2000,320.8000,319.9000,320.6500,27100
1457065019,319.8000,320.1500,319.4500,320.0000,22200
1457065020,319.7500,319.9000,319.5000,319.8000,22400
1457065082,319.7500,319.9000,319.7000,319.8500,10100
1457065199,319.3500,319.7000,319.1000,319.7000,35100
1457065200,318.8500,319.3500,318.7000,319.3500,21800
1457065319,318.9500,319.0000,318.6000,318.8000,24100
1457065320,318.8000,319.1500,318.7500,319.0000,22300
1457065439,318.7500,318.9500,318.4500,318.9500,39600
1457065440,318.7000,318.8500,318.6000,318.7500,16300
1457065559,318.7500,318.8500,318.7000,318.7000,8600
1457065560,318.9000,318.9500,318.6500,318.7500,27600
1457065621,318.6500,318.9000,318.5000,318.9000,10200
1457065739,318.8000,319.0000,318.6500,318.7000,27100
1457065740,318.7500,318.8000,318.7000,318.8000,18600
1457065859,318.9000,318.9000,318.7000,318.7500,9200
1457065860,318.9000,318.9000,318.7000,318.9000,18800
1457065922,319.0000,319.2500,318.9000,318.9500,29900
1457065983,319.1500,319.2000,319.1000,319.1000,8000
1457066040,319.1000,319.1500,319.0500,319.1500,4600
1457066100,319.0500,319.1000,319.0000,319.1000,25300
1457066162,318.8000,319.0000,318.6000,319.0000,29000
1457066279,318.5500,318.8000,318.5000,318.7500,15500
1457066339,318.4000,318.6000,318.3500,318.6000,19600
1457066340,318.2500,318.5000,318.2500,318.4500,23100
1457066459,318.3000,318.3000,318.2500,318.3000,17100
1457066519,318.5500,318.6000,318.2000,318.2500,26100
1457066579,318.6500,318.7000,318.5000,318.5000,7500
1457066580,318.9000,318.9000,318.6000,318.6500,10100
1457066641,318.7000,318.8500,318.4500,318.8500,24600
1457066759,318.4000,318.7000,318.3000,318.7000,13400
1457066819,318.6000,318.7000,318.4000,318.4500,24300
1457066820,318.6000,318.7000,318.5000,318.6000,10500
1457066880,318.5500,318.6500,318.5500,318.6500,8700
1457066999,318.3500,318.5500,318.3000,318.5500,12400
1457067059,318.3500,318.3500,318.2500,318.2500,12000
1457067119,318.7500,318.8500,318.4000,318.4000,12500
1457067121,318.8500,318.8500,318.7500,318.7500,6000
1457067180,318.7000,318.8500,318.7000,318.8000,10500
1457067240,318.6000,318.7500,318.6000,318.7000,9000
1457067359,318.6500,318.6500,318.6000,318.6000,9700
1457067360,318.8500,318.8500,318.6000,318.6000,23600
1457067428,318.7500,318.8500,318.7500,318.8000,4700
1457067539,319.0000,319.0000,318.6500,318.7500,20600
1457067540,319.1500,319.1500,318.8500,319.0000,31300
1457067659,319.6000,319.6500,319.1500,319.1500,16600
1457067660,319.3500,319.6000,319.2000,319.5500,12100
1457067720,319.0500,319.4000,319.0000,319.4000,13800
1457067839,319.0500,319.0500,318.9500,319.0000,6800
1457067840,319.4500,319.4500,318.9500,319.0000,16500
1457067900,319.2500,319.4500,319.2000,319.2500,14200
1457068019,319.3000,319.3000,319.2500,319.2500,6200
1457068020,319.4000,319.4000,319.2500,319.3000,9400
1457068080,319.5500,319.5500,319.3500,319.3500,12700
1457068143,319.4500,319.5500,319.4500,319.5000,8500
1457068200,319.3500,319.4500,319.2500,319.4500,11800
1457068261,319.3500,319.3500,319.3000,319.3500,5400
1457068322,319.4000,319.4000,319.3500,319.3500,3200
1457068381,318.6500,319.4000,318.6500,319.3500,19100
1457068440,318.7000,319.0000,318.6000,318.7500,17600
1457068500,318.7500,318.9000,318.7000,318.9000,6300
1457068561,318.9500,319.0000,318.7500,318.8000,11400
1457068621,318.6500,319.0000,318.6500,319.0000,11100
1457068680,318.9000,318.9500,318.6000,318.7000,14000
1457068740,318.9500,318.9500,318.9000,318.9500,8900
1457068800,318.6000,318.9500,318.6000,318.9000,10100
1457068864,318.7500,318.8000,318.6000,318.6500,24100
1457068924,318.8000,318.8500,318.7500,318.7500,8400
1457069039,318.7500,318.8000,318.7000,318.7500,12100
1457069099,318.4500,318.7000,318.2000,318.7000,14900
1457069100,318.5000,318.5000,318.1500,318.5000,21000
1457069163,318.7500,318.7500,318.4000,318.4500,16000
1457069279,318.5000,318.7000,318.3000,318.7000,11200
1457069281,318.4000,318.4500,318.3000,318.4000,8900
1457069341,318.6000,318.6000,318.3500,318.4000,13000
1457069400,318.4500,318.6000,318.4500,318.6000,14400
1457069477,318.6000,318.6500,318.2500,318.2500,12300
1457069579,318.3500,318.7000,318.2000,318.5000,23300
1457069581,318.4500,318.5000,318.3000,318.3500,8800
1457069640,318.8000,318.8000,318.4000,318.4500,28300
1457069701,318.7500,318.8500,318.7500,318.8000,21400
1457069765,318.8000,318.8000,318.7000,318.7500,6400
1457069827,318.8000,318.8000,318.7500,318.7500,3000
1457069882,318.9500,319.0000,318.8000,318.8000,15200
1457069943,318.9000,318.9500,318.8500,318.9500,9500
1457070001,318.8500,318.9000,318.7500,318.9000,6700
1457070060,318.8500,318.8500,318.8000,318.8500,6100
1457070120,318.8500,318.8500,318.8000,318.8500,7300
1457070238,318.7500,318.8500,318.7500,318.8500,7500
1457070240,318.8000,318.8000,318.7500,318.7500,5300
1457070303,318.7500,318.8000,318.7500,318.8000,8700
1457070362,318.7000,318.8000,318.7000,318.8000,6700
1457070420,318.5500,318.7500,318.4000,318.7000,7600
1457070538,318.5500,318.6000,318.4500,318.6000,7900
1457070599,318.4500,318.5500,318.4500,318.5500,8300
1457070601,318.5000,318.5000,318.4500,318.4500,7200
1457070663,318.4000,318.5000,318.4000,318.4000,7100
1457070725,318.2000,318.4500,318.2000,318.4500,15000
1457070839,317.9000,318.2500,317.8500,318.2000,46300
1457070840,318.0000,318.0000,317.6000,317.9000,20400
1457070900,317.8500,318.0000,317.8000,317.9500,14000
1457070960,318.0000,318.0000,317.8000,317.8000,12500
1457071022,317.9500,318.0000,317.9000,318.0000,24500
1457071085,318.0000,318.0000,317.9000,317.9500,9500
1457071199,318.1000,318.3000,317.9500,318.0000,49600
1457071200,318.4500,318.4500,318.0500,318.1000,9200
1457071260,318.4500,318.4500,318.4000,318.4000,7300
1457071379,318.4000,318.4500,318.4000,318.4000,5300
1457071380,318.1500,318.3000,317.9500,318.3000,6300
1457071442,317.9500,318.1000,317.9000,318.1000,7000
1457071501,318.0500,318.1000,317.9500,317.9500,9700
1457071562,317.9000,318.1000,317.9000,318.0000,13600
1457071679,317.6500,317.9500,317.6000,317.9000,8400
1457071680,318.0000,318.0000,317.6000,317.6000,10300
1457071742,317.8000,318.0000,317.6000,318.0000,7000
1457071859,317.3500,317.8000,317.2500,317.8000,14200
1457071919,316.8000,317.3500,316.8000,317.2000,59400
1457071979,316.9000,316.9500,316.6000,316.8000,26900
1457071980,317.2000,317.2500,316.9500,316.9500,36100
1457072099,317.1000,317.2500,317.1000,317.1500,19400
1457072100,317.2500,317.2500,317.1500,317.1500,5500
1457072219,317.1500,317.2500,317.1500,317.2500,27100
1457072220,317.1500,317.2000,317.0500,317.2000,7100
1457072280,317.1500,317.1500,317.1000,317.1500,2200
1457072341,317.1500,317.1500,317.0500,317.1500,30300
1457072401,317.5000,317.5500,317.1500,317.1500,29500
1457072519,317.2000,317.4000,317.2000,317.4000,6600
1457072520,317.3000,317.3000,317.2000,317.2500,10900
1457072584,317.3500,317.3500,317.2500,317.3000,5300
1457072642,317.3500,317.3500,317.1000,317.2500,17600
1457072702,317.2000,317.3500,317.1500,317.3000,15300
1457072760,317.1000,317.3000,317.0500,317.2000,7000
1457072820,317.2500,317.2500,317.0000,317.1000,17100
1457072880,316.9500,317.2500,316.9000,317.2500,11900
1457072999,316.8500,317.0000,316.7500,316.9500,7900
1457073000,316.8000,316.9000,316.7000,316.8500,30400
1457073119,316.9000,317.0000,316.7000,316.8000,17800
1457073120,316.9000,316.9500,316.7500,316.9500,14600
1457073182,317.0000,317.0000,316.9000,316.9500,6900
1457073240,317.0000,317.0000,316.9500,317.0000,6400
1457073301,317.0000,317.0000,316.9500,317.0000,6000
1457073361,316.8000,316.9500,316.7500,316.9500,19000
1457073425,316.9500,316.9500,316.7500,316.7500,12100
1457073485,316.7500,316.9500,316.7500,316.9500,13200
1457073541,316.7500,316.7500,316.6500,316.7000,10100
1457073659,317.0000,317.3500,316.8500,316.8500,35800
1457073660,317.0000,317.2500,317.0000,317.0500,31300
1457073722,317.2000,317.2000,316.9500,317.0000,44400
1457073780,317.4000,317.6000,317.1000,317.1000,13900
1457073841,317.2500,317.2500,317.1000,317.2500,14800
1457073903,317.2500,317.2500,317.2000,317.2500,4300
1457073965,317.2500,317.2500,317.2500,317.2500,2100
1457074079,316.8000,317.2500,316.7500,317.2500,15700
1457074080,317.0000,317.0000,316.8000,316.8000,7800
1457074141,317.0000,317.0000,316.9500,317.0000,9200
1457074203,317.0000,317.0000,316.9500,317.0000,7300
1457074261,316.9000,317.0000,316.8500,317.0000,9200
1457074322,316.5000,316.8500,316.4500,316.8500,24200
1457074380,316.3000,316.4500,316.1500,316.4500,76300
1457074442,316.5000,316.5000,316.2500,316.2500,19300
1457074501,316.3000,316.5500,316.2500,316.5500,13600
1457074561,316.2500,316.3000,316.2000,316.3000,22100
1457074679,316.5000,316.5000,316.1500,316.1500,20600
1457074680,316.4500,316.5000,316.4500,316.5000,6700
1457074740,316.4500,316.4500,316.4000,316.4500,4300
1457074859,316.4500,316.4500,316.4000,316.4000,4800
1457074860,316.6000,316.7000,316.5000,316.5000,17700
1457074979,316.7500,316.8000,316.5500,316.6000,13000
1457074980,316.8000,316.8000,316.6000,316.7500,8900
1457075045,316.8500,316.8500,316.8000,316.8000,9800
1457075104,317.2000,317.2500,316.8500,316.8500,19300
1457075162,317.1500,317.3500,317.0000,317.2500,8700
1457075279,316.6000,317.0500,316.5500,317.0500,5900
1457075339,316.1500,316.7000,316.0500,316.6000,24800
1457075340,316.4000,316.6000,316.1000,316.1500,15200
1457075400,316.3000,316.4500,316.2500,316.4500,5200
1457075464,316.3000,316.3000,316.2500,316.2500,4000
1457075523,316.6000,316.8500,316.3000,316.3000,17900
1457075583,316.6000,316.6500,316.5000,316.6500,3600
1457075640,316.5000,316.7000,316.5000,316.5500,11200
1457075702,316.5000,316.5000,316.3500,316.5000,8200
1457075819,316.7000,316.7500,316.5000,316.5000,7300
1457075820,316.4000,316.7000,316.3500,316.6500,5900
1457075885,316.4000,316.4000,316.3500,316.3500,4400
1457075940,316.5000,316.8000,316.3500,316.4000,11600
1457076003,316.5000,316.5500,316.3000,316.5000,10100
1457076060,316.5500,316.5500,316.4500,316.5000,8000
1457076122,316.7000,316.8500,316.6000,316.6000,4500
1457076180,316.7000,316.7000,316.6500,316.6500,2800
1457076299,316.7000,316.7000,316.6500,316.6500,5700
1457076359,317.2500,317.3000,316.5000,316.7000,22300
1457076419,316.7000,317.4000,316.5000,317.1500,12100
1457076420,316.6500,316.7500,316.6500,316.7000,4400
1457076485,317.2000,317.2000,316.6500,316.6500,13800
1457076542,316.8000,317.2000,316.8000,317.1500,11500
1457076601,317.1000,317.1500,316.8000,316.8000,15900
1457076719,317.1500,317.2000,317.0500,317.0500,10100
1457076720,316.8500,317.2000,316.6000,317.1500,7100
1457076783,316.9500,316.9500,316.8000,316.8000,5800
1457076844,316.9000,316.9500,316.9000,316.9000,5400
1457076902,316.7000,316.9500,316.6000,316.9000,5400
1457076964,316.7500,316.7500,316.5000,316.6500,7900
1457077024,316.8500,316.9500,316.7000,316.7000,7000
1457077139,316.7000,316.8500,316.7000,316.8500,8700
1457077199,317.0500,317.0500,316.7000,316.7000,11100
1457077259,317.1000,317.4000,317.1000,317.1500,13100
1457077260,317.3500,317.4000,317.0000,317.1500,7500
1457077320,317.0000,317.3500,317.0000,317.3500,10600
1457077381,317.2000,317.3500,317.0000,317.0000,12900
1457077441,317.0500,317.0500,317.0000,317.0500,2400
1457077504,316.8000,317.0500,316.7500,317.0000,6800
1457077560,316.8500,316.8500,316.7000,316.7500,9800
1457077620,316.8000,316.8500,316.8000,316.8000,4800
1457077683,316.8500,316.9000,316.8000,316.8500,18400
1457077742,316.6500,316.9000,316.6000,316.8500,6800
1457077859,316.8500,316.8500,316.6000,316.6500,12700
1457077860,316.8000,316.9000,316.5000,316.8500,11000
1457077979,317.2000,317.2000,316.7500,316.8000,19900
1457078039,317.1000,317.2000,317.0000,317.2000,17500
1457078040,317.1000,317.1000,317.0500,317.1000,4300
1457078104,317.1000,317.1000,317.0500,317.0500,6300
1457078160,317.1000,317.1000,317.0500,317.1000,5400
1457078224,317.0000,317.1000,317.0000,317.0500,10700
1457078285,316.6000,317.0500,316.6000,317.0000,24500
1457078341,316.5000,316.5500,316.4000,316.5500,15200
1457078459,316.6000,317.0000,316.5000,316.5000,22100
1457078519,316.7000,317.0000,316.6000,316.6000,16300
1457078521,316.7000,316.7000,316.4500,316.5000,36500
1457078581,316.2500,316.7500,316.2000,316.7500,20700
1457078644,315.9500,316.3000,315.9000,316.2500,58700
1457078706,316.2500,316.2500,315.7500,315.8500,20500
1457078819,316.1500,316.2500,315.9500,316.2500,30400
1457078823,316.3000,316.3000,316.1500,316.2500,17200
1457078885,316.2000,316.3000,316.1500,316.2500,5800
1457078998,316.1000,316.2000,315.9500,316.1000,14400
1457079000,316.2500,316.3000,316.1000,316.1000,11800
1457079066,316.2000,316.2500,316.2000,316.2500,5100
1457079120,316.0000,316.2000,316.0000,316.2000,20400
1457079182,315.9500,316.0000,315.9000,316.0000,14300
1457079242,315.9500,315.9500,315.9000,315.9500,8000
1457079301,315.9500,315.9500,315.9000,315.9500,7100
1457079370,316.0000,316.0000,315.9000,315.9500,18100
1457079425,315.8500,316.0000,315.8000,315.9500,14800
1457079495,315.6000,315.8000,315.6000,315.8000,12200
1457079599,315.5000,315.6000,315.3500,315.6000,35100
1457079657,315.5000,315.5000,315.3000,315.5000,29900
1457079661,315.8500,315.9500,315.6500,315.6500,47100
1457079726,315.7500,315.9000,315.6000,315.7500,3500
1457079781,315.8500,315.9000,315.6000,315.6000,10700
1457079847,315.8500,315.9000,315.7500,315.8500,2900
1457079900,315.9000,315.9500,315.8500,315.8500,9500
1457079961,315.9000,315.9000,315.8500,315.9000,5900
1457080020,315.9000,315.9500,315.7000,315.9000,7700
1457080086,315.9500,316.0000,315.7500,315.9000,9900
1457080144,316.0000,316.0000,315.9000,315.9000,52900
1457080258,316.0000,316.0000,315.9000,316.0000,26200
1457080318,316.1000,316.2500,316.0000,316.0000,21900
1457080327,316.0500,316.1000,316.0000,316.1000,13300
1457080384,316.0000,316.1000,316.0000,316.0000,12500
1457080447,316.1500,316.1500,316.0000,316.0000,9800
1457080502,316.2000,316.2500,316.1500,316.2500,11500
1457080567,316.2000,316.2000,316.1500,316.2000,7500
1457080624,316.2500,316.2500,316.1500,316.1500,9800
1457080685,316.3000,316.4500,316.2000,316.2000,8600
1457080741,316.2500,316.3000,316.2000,316.3000,11400
1457080858,316.0000,316.2500,316.0000,316.2500,6500
1457080861,316.1000,316.1000,316.0000,316.0500,7700
1457080941,316.4000,316.4000,316.0000,316.0000,10100
1457081039,316.4000,316.5000,316.4000,316.4000,14200
1457081041,316.4000,316.4500,316.3000,316.4500,4900
1457081159,316.2000,316.4000,316.2000,316.4000,18000
1457081163,316.3000,316.3000,316.0000,316.1000,50500
1457081225,316.2500,316.4000,316.0500,316.3000,60900
1457081282,316.2000,316.3000,316.1500,316.3000,20300
1457081343,316.1500,316.2000,316.0500,316.2000,5100
1457081401,316.3500,316.4000,316.1500,316.2000,13600
1457081519,316.3500,316.3500,316.3000,316.3000,8200
1457081521,316.3500,316.4000,316.2500,316.3000,12600
1457081582,316.3500,316.4000,316.3000,316.4000,5600
1457081698,316.0000,316.3500,316.0000,316.3500,26800
1457081700,316.0000,316.3500,315.9000,316.0000,33800
1457081771,315.7500,316.0000,315.7500,315.9500,24700
1457081878,315.0000,315.7000,315.0000,315.7000,74000
1457081937,315.0000,315.2500,315.0000,315.1000,44200
1457081999,315.0500,315.1000,315.0000,315.0500,36700
1457082058,315.0000,315.1500,315.0000,315.0000,23000
1457082117,315.2000,315.2500,315.0000,315.1500,13300
1457082178,315.0500,315.1000,315.0000,315.0500,8900
1457082238,315.2000,315.2000,315.0000,315.0000,12100
1457082298,315.3000,315.4000,315.2000,315.2000,9800
1457082357,315.3500,315.4500,315.2500,315.3000,11400
1457082413,315.5500,315.5500,315.2000,315.3500,16600
1457082479,315.2000,315.6000,315.2000,315.5500,12800
1457082539,315.2500,315.5000,315.2000,315.2000,8300
1457082598,315.3000,315.3500,315.2500,315.3000,10100
1457082657,315.1000,315.2000,315.0000,315.2000,16800
1457082662,315.2000,315.2000,315.0500,315.1000,15500
1457082779,315.2000,315.3500,315.2000,315.2000,7500
1457082839,315.1500,315.3500,315.1500,315.2000,7200
1457082842,315.1500,315.2500,315.1500,315.1500,6100
1457082955,315.1000,315.2000,315.1000,315.1500,13900
1457083019,315.0000,315.0500,315.0000,315.0500,34700
1457083078,315.0500,315.0500,315.0000,315.0000,32600
1457083138,315.0500,315.0500,315.0000,315.0000,33100
1457083198,315.2000,315.2000,315.0000,315.0500,22000
1457083258,315.1500,315.1500,315.0000,315.1500,9200
1457083319,315.1500,315.2000,315.0000,315.0500,8800
1457083379,315.2000,315.2000,315.0500,315.1500,10300
1457083439,315.0000,315.1500,315.0000,315.1000,9400
1457083497,315.0500,315.0500,315.0000,315.0500,16700
1457083557,315.2500,315.3000,315.1000,315.1000,10900
1457083619,315.2000,315.3500,315.2000,315.2500,9300
1457083673,315.2000,315.2500,315.1000,315.2500,16300
1457083739,315.3000,315.3500,315.2500,315.2500,15100
1457083798,315.4000,315.4000,315.3000,315.3000,8400
1457083857,315.5000,315.7500,315.3500,315.3500,38100
1457083917,315.1500,315.4000,315.0000,315.4000,24600
1457083979,315.2000,315.2000,315.0000,315.1500,19500
1457084038,315.5000,315.5000,315.1500,315.2000,24200
1457084041,315.4000,315.5500,315.2000,315.3500,24000
1457084157,315.2000,315.4000,315.1500,315.4000,21700
1457084219,315.0500,315.2500,315.0500,315.2500,32800
1457084278,315.0500,315.3500,315.0500,315.1500,33600
1457084337,315.2500,315.2500,315.0500,315.0500,37600
1457084399,315.1500,315.2000,315.1000,315.2000,28500
1457084448,314.9000,315.1500,314.8000,315.1500,81900
1457084519,315.0000,315.2500,314.9000,314.9000,148600
1457084523,315.0000,315.0500,315.0000,315.0000,32000
1457084581,315.1500,315.1500,315.0000,315.1000,28100
1457084641,315.2000,315.2000,315.0000,315.1000,522900
1457084758,315.0500,315.2000,315.0000,315.0500,42500
1457084819,315.5000,315.5000,314.9000,315.0500,85200
1457084822,315.0500,315.5500,315.0500,315.4500,40000
1457084937,315.1000,315.1000,315.0000,315.0500,41300
1457084998,315.1000,315.1000,315.0000,315.0500,20600
1457085001,315.5500,315.5500,315.1500,315.1500,46900
1457085118,315.3500,315.6000,315.2500,315.5500,41100
1457085120,315.4500,315.4500,315.3000,315.3500,26400
1457085181,315.5000,315.6000,315.4500,315.4500,30700
1457085299,315.6000,315.6000,315.5000,315.5000,30600
1457085359,315.6000,315.7000,315.5500,315.5500,35400
1457085360,315.4500,315.8500,315.4000,315.6500,48500
1457085479,315.7500,315.8000,315.3500,315.3500,41500
1457085535,315.7500,315.9000,315.7000,315.7500,34700
1457085599,315.2000,316.8000,315.2000,315.8000,66200
1457085600,316.7500,316.7500,316.7500,316.7500,0
